id,first_name,last_name,domicile_address,domicile_city_id,age
7786514,Amber,Mueller,"91566 Barrett Villages
Port Ericmouth, VT 08415",377687,44
1388216,Nicholas,Collier,"57246 Amanda Ford Apt. 317
West Tara, VT 57681",424085,51
9279837,Lawrence,James,"2561 Steven Pass
Juliechester, MN 58145",374079,24
9813527,Catherine,Diaz,"43339 Hess Summit
Schmidtside, ME 59213",490603,38
6473243,Danny,Rodgers,"018 Sara Valley
South Deborah, AL 31960",439196,14
2777938,William,Campbell,"80965 Sheila Station
Nathanmouth, CO 29293",194334,23
4543282,Tyler,Oliver,"4057 Todd Unions Suite 478
West Brian, NE 01775",490603,68
9309584,Stephen,Walker,"98284 Kyle Place
Chavezton, VI 68233",374079,75
6139045,James,Stewart,"21156 Rebecca Parkway Apt. 632
North Christinaland, WA 70616",374079,24
3549641,Ruth,Cooper,"1564 Fowler Street Apt. 142
Walkerborough, NV 03199",394878,36
3469032,Samuel,Vargas,"820 Nicholas Canyon Suite 685
Smithberg, SD 10648",223983,84
5515460,Marvin,Foster,"6136 Daniel Stream Apt. 324
Jenkinsfort, LA 69965",490603,61
6704233,Lauren,Stephens,"525 Mason Vista
Brownshire, MT 57997",468304,66
9852591,Edward,Fisher,"524 Schmidt Divide
Jacksonfurt, VA 16134",394878,23
5551618,Carly,Fields,"95869 Miller Forks Suite 565
South Kevin, NE 58283",223983,50
3728898,Eric,Ruiz,"USNS Brown
FPO AP 90058",374079,14
2153970,Matthew,Martin,"659 Vance Highway
Port Angelamouth, WY 85598",223983,55
3028601,Stephanie,Martinez,"9714 Brooke Falls
Jonathanland, MS 90742",424085,71
3715191,Robert,Bradley,"574 English Streets
Portershire, MP 25580",194334,24
9722225,Robert,Wilson,"55774 Richard Estates Apt. 852
East Nicholas, WY 61694",194334,36
3482384,Tammy,Cabrera,"8050 Andrew Highway
West Virginia, WY 71541",377687,32
8479409,Christopher,Reed,"23091 Hernandez Crossroad Apt. 068
North Elizabeth, WV 53355",490603,83
6302727,David,Harmon,"54680 Gonzalez Circle
Dannyside, IA 85897",490603,41
5975263,Cassie,Aguilar,"307 Alexander Viaduct
East Devinhaven, IN 79981",374079,43
4479561,Donald,Berry,"878 Bennett Bridge Apt. 441
Davisberg, IN 36418",394878,65
3973778,Theresa,Armstrong,"36175 Clark Rapid Suite 836
Phillipsberg, RI 35696",468304,44
1103886,Gary,Rowland,"61257 Danny View Apt. 273
Port Alexander, AK 39375",306018,53
4147858,Jennifer,Fernandez,"7646 Larson Causeway
Port Laurentown, KS 47325",306018,14
7959724,Wendy,Lewis,"Unit 1131 Box 7529
DPO AE 09997",424085,70
2512739,Sarah,Little,"92287 James Camp Suite 735
Boyermouth, NE 46141",377687,73
1673132,Brittney,Carlson,"8851 Alexander Underpass Apt. 602
Port Christine, SC 23147",306018,74
3591896,Lisa,Daniel,"3383 Smith Key
New Stacytown, TX 38501",306018,69
3903379,Jacob,Snyder,"5178 Linda Flat Apt. 477
North Edwardbury, NM 92203",194334,22
6419914,Jared,Anthony,"46319 Dixon Terrace
Theresaborough, UT 29086",374079,30
4663901,Rebecca,Wilson,"60391 Ruth Valleys Suite 966
Mcdowellside, AR 97031",424085,21
8255095,Christine,Cochran,"848 Harrell Divide
Carrollton, AR 44090",223983,12
2081655,Eric,Rowe,"41850 Melvin Mill Apt. 972
Connerview, GA 18442",194334,88
6328951,Eileen,Robertson,"2445 Rosales Parkways Apt. 977
Lake Markmouth, CA 05995",377687,82
5288110,Cindy,Duncan,"488 Wright Plain Apt. 252
Joneschester, KS 51699",468304,55
8752701,Logan,Kelley,"07128 Brandy Ridge Suite 693
Port Louis, AL 41806",439196,63
6358398,Chelsea,Butler,"94772 Sullivan Skyway Apt. 355
Lorishire, SC 75638",194334,16
1838265,Nicole,Woods,"833 Martinez Ports Suite 854
Jacobsland, DE 36441",424085,55
6830410,Eric,Williams,"9627 Laura Glens Suite 198
Charlesstad, MA 06183",424085,67
2836611,Randall,Smith,"303 Torres Ways
Lake Kimberly, NC 39028",306018,87
6191283,Kevin,Page,"915 Matthew Crossing Suite 976
West Dorothy, NJ 30687",394878,44
5498395,Rachel,Walker,"751 Paul Stream Apt. 381
Robinsonport, WI 35324",424085,83
8481061,Christopher,Romero,"03350 Snow Streets Suite 837
West Caleb, FM 66493",306018,12
7376410,Henry,Carter,"67928 Angela Crest
East Alexander, VI 83589",374079,33
5584451,Destiny,Santos,"6421 Hernandez Burgs Apt. 428
Candaceport, PR 68936",439196,29
2599584,Briana,Graham,"58276 Harris Points Suite 696
East Tracy, ND 05817",490603,57
8096705,Ashley,Thomas,"4530 Courtney Spurs
New Cynthia, LA 87500",194334,60
8503239,Holly,Roy,"485 Herrera Crest Apt. 109
Lake Sheryl, MT 73380",394878,49
9346548,David,Miller,"545 Joseph Mountains
Atkinsfurt, AK 98479",306018,59
9424201,Christopher,Garcia,"699 Henry Ridges Apt. 366
Josephhaven, CO 12521",377687,47
9769243,Timothy,Pena,"3059 Garcia Isle
North Matthew, NJ 18529",394878,42
4462979,Scott,Matthews,"101 Tammy Unions Suite 030
Byrdborough, PW 01008",490603,89
8934679,Lisa,House,"978 Nelson Stream
Karlstad, NE 36459",424085,40
4483799,Michael,Alexander,"USNS Holt
FPO AE 75512",223983,51
3179487,Matthew,Kirby,"PSC 4500, Box 9990
APO AA 60506",439196,13
9330019,Brian,Williams,"069 Johnson Estate
Williamsburgh, DC 58106",306018,41
7056523,Eileen,Chavez,"45444 Martinez Viaduct
South Lisa, TN 70880",194334,51
3235713,April,Pacheco,"5783 Annette Harbors Apt. 937
Stewartton, LA 01988",374079,83
7263168,Amber,Watts,"687 Pearson Court Apt. 083
South James, WV 14366",490603,38
6361475,Jonathan,Ramirez,"10636 Dana Parks
Martinberg, SD 29663",490603,13
5239877,Cheryl,Hooper,"0053 Erika Lock Suite 035
East Erica, DE 83298",377687,58
9078603,Alexander,Turner,"692 Mckay Mountain
Lake Ronald, MA 82641",394878,63
8549636,Mark,Oliver,"8474 Gregory Squares
North Patrick, ME 12946",468304,88
2390693,Nancy,Ramirez,"277 Angela Ridges Suite 730
Michelemouth, CO 47720",394878,46
5420110,Christian,Long,"661 Patrick Square
Ericabury, FM 73637",439196,26
6736465,James,Mcgee,"8758 Miller Summit Apt. 818
West Vanessabury, AR 03444",194334,86
7120883,Charlotte,Hendrix,"432 Buchanan Pass
Lake Erik, UT 15091",194334,74
5090549,Steven,Phillips,"9661 Hendricks Mews
South Aaron, WY 04605",374079,51
2408215,Patricia,Lyons,"258 Charles Isle
West Theresa, AR 74094",394878,67
4263998,Jesse,Harper,"402 Cross Cliff
Antoniobury, ID 16746",374079,45
8472760,Teresa,Fleming,"541 Villegas Loaf
North Jasonmouth, TX 11027",468304,36
5589712,Steven,Craig,"8758 Stewart Landing Suite 353
Sandersstad, MI 42333",194334,52
5069930,Jill,Glass,"060 Brian Park
East Chrisfurt, OH 94423",394878,71
7294836,Cynthia,Gomez,"41877 Justin Shores Suite 986
Amberbury, UT 63388",377687,25
5080619,Anthony,Harvey,"USS Perez
FPO AE 88085",377687,37
7456325,Sara,Bond,"3541 Cameron Extension
Lake Donaldton, MP 65564",194334,63
3918382,Gregory,Williams,"34715 Kim Road
West Heatherland, GU 68890",223983,46
9231627,Jacqueline,Wright,"9363 Ward Green Apt. 501
Marychester, UT 61600",194334,89
8995893,Peggy,Clark,"884 Briana Ranch Apt. 344
Orrfort, DC 92305",394878,79
4408051,Stephanie,White,"102 John Light Apt. 992
North Davidborough, FL 54029",377687,33
5286344,Christopher,Williams,"61619 Williams Forks
Crawfordview, HI 11754",194334,23
2761381,Ashley,Sutton,"253 James Loaf Suite 151
Baldwinton, LA 19766",374079,85
3253680,Jacob,Clark,"93378 Knight Flat
Haleland, OK 05102",194334,49
2445159,Christina,Burnett,"2179 Ryan Vista Apt. 245
New Dannyfurt, SC 07739",424085,86
9959368,Erin,Beltran,"6470 Johns Ferry
South Russell, OH 18190",194334,69
8010029,Jamie,Davis,"92388 Jennifer Islands Suite 952
West Martha, NY 93603",194334,19
9492366,Valerie,Reid,"94979 Sutton Neck Apt. 182
North Danielville, LA 49052",306018,81
3600078,Tyler,Barton,"Unit 5137 Box 4377
DPO AP 55927",306018,36
3818462,Thomas,Malone,"5951 Brewer View Suite 460
West Tonyachester, WY 08760",223983,82
2419234,Paul,Rivera,"7017 Rocha Parks
West Stephanie, VT 47499",194334,42
6047713,Steven,Lee,"310 John Keys Apt. 546
Nathanchester, AR 56802",306018,82
8654291,Robert,Howard,"904 James View Apt. 631
North Stevenmouth, CT 34321",223983,63
7826960,Tiffany,Espinoza,"9126 Hammond Hills
Timothyfort, HI 59739",377687,39
3505850,Jonathon,Wright,"31393 Moss Extension
Kimview, MP 62830",374079,41
8091523,Samuel,Smith,"9079 Jennifer Village Suite 475
Stevenview, AZ 20784",194334,85
6980554,Brooke,Charles,"55387 Keith Center Apt. 725
Dustinmouth, AK 51025",490603,34
7457818,Michael,King,"21849 Gray Lodge
East Sydney, OH 46182",439196,80
1075145,Gary,Daniels,"469 Craig Pine Suite 509
Boydville, AS 05169",223983,82
8491374,Anne,Long,"39715 Debbie Plaza Apt. 508
New Brenda, IA 67560",306018,31
7231272,Sydney,Sexton,"Unit 4789 Box 3403
DPO AE 43686",374079,51
5949562,Scott,Simpson,"46078 Goodwin Valley Apt. 329
South Erin, MT 21777",424085,77
6632164,Andrew,Bennett,"USNS Harris
FPO AE 20079",468304,37
6102545,Jeff,Anderson,"73583 Castillo Hill Apt. 130
East Dale, MD 22415",424085,82
7664774,Annette,Stewart,"4007 Floyd Centers Apt. 711
New Ambershire, AS 97009",377687,62
9254028,Rachel,Wright,"0380 Weaver River Apt. 607
West Alexander, AZ 37574",394878,77
2451124,Cindy,Baxter,"USNS Lopez
FPO AA 09735",439196,84
6052522,Joanne,Lopez,"95834 Steven Roads Apt. 266
Spearshaven, CA 04630",223983,37
1591070,Shawn,Jones,"5818 Brian Spur Apt. 752
West Bradburgh, FL 12891",306018,62
5916091,Wesley,Aguilar,"0072 David Court Suite 103
West Justin, WV 44543",374079,21
4737418,Michelle,Austin,"13118 Kiara Common Suite 528
Kellyburgh, OK 98693",468304,85
1174418,Maxwell,Smith,"50250 Hampton Meadow
Port Brittanybury, VT 82578",394878,33
5197438,Melissa,Erickson,"556 Moses Mall Apt. 518
Brownstad, OR 24905",306018,19
5777100,Frederick,Miller,"93496 Debra Fords
South Rickytown, RI 25410",490603,36
7711316,Jamie,Turner,"6064 Hicks Drive
Christopherfurt, IL 91077",394878,52
4146714,Amber,Wall,"200 Joseph Stream Suite 167
Hodgeschester, DC 01452",374079,33
8091829,Jacqueline,Bailey,"03050 Higgins Parkways
South Nicoletown, NE 58286",306018,45
1086214,Megan,Hall,"15270 Margaret Fords
Cartertown, VI 31279",374079,25
4646674,Damon,Lee,"0516 Cody Stream
Ashleyport, AZ 22609",394878,60
3759149,Carl,Prince,"322 Christina River Apt. 421
West Shirleyville, MP 50284",490603,15
7857731,Roger,Hood,"2718 Duarte Land
West Madeline, AK 37245",439196,66
4841659,Steven,Weber,"812 Smith Stravenue
Patriciafurt, OH 57247",394878,16
7585672,Jeffery,Cruz,"437 Carlson Pass
Davisfort, PA 13214",194334,70
9228602,Denise,Stewart,"58048 Travis Pines
East Michaeltown, KS 11811",223983,68
9333843,Billy,Larsen,"8226 Mcdaniel Unions
Herrerachester, CO 92920",468304,61
6534195,Angela,Delacruz,"4317 Kathleen Valleys
Lake Kathleen, MN 10024",490603,21
7597061,Robert,Edwards,"33224 Mooney Corner
Lake Heatherhaven, OR 45609",306018,19
8148338,Bryan,Garrison,"02658 Thomas Key Apt. 420
East Craigfort, KS 59367",194334,31
6349658,Veronica,Meyer,"88421 Sherri Prairie
Victoriaview, DC 28855",306018,55
3102571,Robert,Hendrix,"06351 Moreno Roads Apt. 588
Mccormickport, AZ 41472",377687,89
6510951,Jennifer,Mitchell,"46405 Kimberly Common Suite 493
Thomasberg, IL 88837",468304,74
6707935,Jonathan,Bennett,"46461 Mcguire Grove Suite 877
Jaredshire, IN 82640",377687,82
2451924,Lisa,Parker,"166 Deborah Stream
Katiechester, LA 50115",223983,33
6310370,Erika,Chen,"57141 Butler Prairie
South Debbiefort, MD 46631",306018,53
2456345,Denise,Jones,"3612 Mark Spurs Apt. 103
Lake Kimmouth, MO 87390",306018,46
1769881,Sandra,Golden,"27650 Veronica Fall Suite 730
Michaelfort, HI 28326",424085,58
6768315,Jeffrey,Martin,"1048 Johnson Heights Apt. 131
Angelachester, VI 44897",223983,38
5370095,Peter,Spencer,"327 Escobar Meadow
Patrickfort, WV 34797",439196,17
8579572,Mary,Lambert,"PSC 8941, Box 5603
APO AP 99616",377687,17
5028327,Steve,Cruz,"631 Rebecca Freeway Apt. 325
Jeffreyton, FM 36676",490603,38
5871648,John,Todd,"1619 Jackson Alley Suite 704
Anthonyville, OK 19746",223983,86
3404002,Jesus,Ellis,"4994 Harris Inlet Apt. 804
West Greg, VA 14507",223983,73
8151365,Samuel,Thompson,"PSC 4785, Box 9926
APO AP 92153",394878,22
7350032,Sarah,Lee,"21929 Carter Wall
North Sabrina, IA 60372",223983,24
5072647,Erica,Gibson,"165 Howard Throughway Suite 933
North Melissa, ME 52605",306018,20
5898350,Tanner,Kidd,"835 Allen Turnpike Suite 821
Port Markhaven, SD 04310",424085,54
8738677,Mark,Garcia,"73259 Goodman Wells
Susanchester, ME 93113",439196,42
6906531,Stacie,Taylor,"897 Rodriguez Canyon
Port Jordanland, PA 65597",468304,74
6556576,Louis,Burke,"3943 Nicholas Inlet
New William, CO 36605",377687,41
9650636,Andre,Price,"84255 Gregory Parkways
Lake Christopher, HI 51043",306018,23
9653525,Vincent,Brooks,"826 Nelson Station
Lake Justinside, NE 35066",394878,65
6907734,Kenneth,Gilbert,"0415 Hunt Heights
North Brian, PW 12524",468304,30
8305567,Andrea,Rocha,"669 Garcia Brooks Apt. 472
South John, PW 05423",424085,43
2882900,Monica,Cross,"Unit 4768 Box 0149
DPO AE 51850",377687,44
9371901,Jerry,Hill,"Unit 8208 Box 0745
DPO AP 43349",306018,15
7047524,Kevin,Black,"5534 Smith Throughway Apt. 310
Sarahfurt, CO 91315",468304,34
8470938,Rebecca,Cortez,"6441 Johnson Extensions Apt. 979
North Matthew, AL 04520",223983,58
3575791,Emily,Williams,"88263 Johnson Stream
Richardstad, TN 64805",223983,53
2128461,Ronald,Duran,"473 Joseph Route Suite 092
Floresside, MH 91965",306018,21
4266423,Denise,Bird,"PSC 5500, Box 2176
APO AP 37567",439196,29
8723894,Christopher,Rogers,"72352 Ashley Trail Suite 719
Carlhaven, IA 75773",468304,69
9791787,Frank,Thomas,"7921 Shannon Estates
East Sean, NC 27859",394878,14
1863779,Tracey,Gordon,"42271 Osborne Cliff
North Monicamouth, IL 17210",306018,52
7190130,Elizabeth,Williams,"764 Joseph Grove
Pricechester, WI 43458",468304,33
8621252,April,Phillips,"500 Jason Valley Suite 762
Sarahland, WA 75958",223983,44
7059135,Justin,Carlson,"28061 Williams Plain Apt. 778
Sydneymouth, WI 20833",377687,60
7843907,Kristen,Robinson,"96475 Christopher Passage
South Emilymouth, KS 33393",394878,86
3993898,Allison,Reid,"4863 Charles Square Apt. 705
Copelandmouth, VA 06723",374079,69
2228838,Kaitlin,Kidd,"Unit 5922 Box 7663
DPO AA 55067",490603,81
8831612,Joshua,Robinson,"46550 Olivia Lights Apt. 569
Ryanshire, NM 05243",374079,20
2233417,Amanda,Smith,"33812 Brian Ramp
Mooreside, KS 27435",223983,38
8851198,Morgan,Ingram,"339 Sherry Pike Suite 578
Scottland, PA 35126",194334,67
1486698,Barbara,Guzman,"36748 Bauer Rue Suite 845
Jonesmouth, CA 30180",306018,42
4377079,Sylvia,Figueroa,"493 Jose Village
Lake Kimstad, MO 21036",490603,16
9563770,Gabrielle,Morrison,"45721 Barry Freeway Apt. 093
Brownville, FL 22520",424085,47
8940462,Brian,Cox,"4280 Janice Corners
West Michealmouth, MA 77575",394878,87
5324177,James,Cook,"615 Eric Centers Apt. 079
Ericland, MN 11536",394878,76
7012243,Jasmine,Collins,"521 Briana Common
Lake Jason, VT 18589",490603,19
6766479,Jimmy,Holland,"443 Amy Meadow Suite 415
Johnstonfurt, WI 53908",424085,50
5119531,Sherry,Graham,"1331 Casey Oval Suite 238
Sheppardchester, UT 74992",306018,51
5687748,Michele,Gonzalez,"927 Stacie Garden Apt. 280
Jacksonfurt, NY 56717",194334,17
4681318,Sarah,Williams,"Unit 1039 Box 9880
DPO AE 09512",490603,68
7460135,Brian,Lee,"603 Ford Divide
Yangbury, VA 83744",377687,14
5868965,Amber,Price,"2177 Elliott Groves Apt. 247
West Kaylafurt, AS 83171",439196,50
3050186,David,Frost,"31076 Fisher Cove Suite 508
Stephanieberg, OH 53398",424085,76
2867520,Susan,Ramos,"48923 Amy Valley Apt. 688
Andradetown, MD 03756",424085,40
7238791,Thomas,Ho,"949 White Mills Apt. 728
West Mistyville, NH 35376",306018,22
3432349,Antonio,Gardner,"8224 Mitchell Extensions
Angelbury, VI 42914",306018,56
9143401,Sally,Jacobs,"49415 Danielle Ways Apt. 208
Lake Donna, ID 85256",377687,61
2271435,Joseph,Watts,"1271 Gary Coves
Pamelaberg, GU 73337",439196,24
2960699,Amy,Ramirez,"955 Sarah Manor
Tyroneside, ME 50522",439196,12
2200552,Joseph,Wilson,"2336 Byrd Mountain Suite 220
Perkinschester, AR 99867",306018,39
2236772,Christine,Morris,"451 Gilbert Estate
Lake Robin, FL 71488",424085,27
8980009,Timothy,Davis,"473 Michael Stream
East David, IL 96646",374079,60
4068573,Amber,Greene,"7949 Lynch Plaza Apt. 251
Colliertown, MI 05680",490603,27
6507528,Jennifer,Harper,"PSC 0331, Box 9320
APO AA 90926",468304,42
5169757,Frederick,Baxter,"46057 Arellano Ridges Apt. 205
West Mandyfurt, AS 61359",468304,86
5253999,Jodi,Ryan,"03713 Marshall Vista
Carriemouth, FM 25094",490603,33
6525596,John,Alvarado,"949 Frederick Creek Suite 202
Barbaraberg, FM 38056",306018,46
3818334,Scott,Miller,"Unit 2044 Box 5577
DPO AE 12166",394878,41
7506970,Ronald,Meyers,"9079 Todd Ports
North Richardbury, NJ 42078",374079,54
4456735,Sheila,Deleon,"98064 Kayla Hill Suite 641
Jasonland, AS 09126",439196,20
3851030,Samuel,Mitchell,"03323 James Lodge Suite 367
Hooverchester, HI 19648",468304,85
3806059,Samantha,Ho,"11612 Cynthia Street
Roberttown, NV 49891",424085,60
9008801,Abigail,Merritt,"5280 Jarvis Station
Peterview, NC 61209",424085,73
9510933,Larry,Massey,"023 Diana Lodge
South Mark, NY 23925",377687,41
1447222,Rhonda,Boyd,"81425 Kimberly Locks
New Scottview, VT 49494",394878,80
5498461,Julie,Perez,"93056 Taylor Walk Suite 988
Flynnside, SD 01798",424085,36
6232356,Debbie,Skinner,"6966 Patricia Spurs Apt. 653
West Erinborough, AZ 24105",194334,24
9485631,Bryan,Mendoza,"32489 Duran Place Suite 707
Bethside, KS 88705",468304,78
7480915,Stacey,Green,"12836 Walker Trail
North Nicole, MN 72768",377687,51
9683289,Gregory,Villegas,"63677 Olson Street
East Patrickfurt, OH 09612",306018,18
1774055,Cynthia,Williams,"304 Jennifer Mews Apt. 850
Sanchezview, DE 32609",223983,49
9579441,Robert,Woods,"01295 Norton Loaf
West Deanna, IA 95306",306018,82
1509946,Sydney,West,"85726 Marie Shoals
New Soniaburgh, NV 07991",377687,53
6502365,Elizabeth,Nguyen,"868 Phillip Crossing
Powellton, FL 67157",377687,65
7941844,Miguel,Adkins,"2976 Reed Crossing
Stephanieberg, WY 93405",194334,63
1783653,Eric,Collins,"03274 Allison Port Suite 849
Lake Rhondaborough, AK 26740",490603,22
8566452,Ashley,Thomas,"951 Stone Lock Suite 591
Crawfordton, NE 82963",223983,51
1044566,Daniel,Hodges,"Unit 6473 Box 4751
DPO AE 41133",374079,29
7756573,Ryan,Diaz,"5736 White View Suite 318
Melissaborough, MI 43420",439196,36
7798880,Christopher,Chang,"5333 Jones Glen
New Bradleyland, NC 54568",490603,47
2285740,Patricia,Martin,"06161 Joseph Mills
East Audrey, AK 91991",490603,83
3812973,Dennis,Leon,"USNS Freeman
FPO AA 13547",194334,13
8113350,Molly,Bryant,"USNV House
FPO AA 19881",223983,85
6644116,Brandi,Wilson,"1996 Gail Divide
New Jack, MT 37455",468304,58
3535182,Rodney,Williams,"42257 Rivera Field Apt. 573
Henryton, AL 15623",306018,29
5724548,Richard,Morrow,"94288 Kristopher Field
Olsonshire, DC 67436",424085,49
7883717,Robert,Jacobs,"128 Phillips Turnpike Apt. 818
East Michelleview, KS 99572",439196,48
5610342,James,Giles,"1882 Thomas Prairie Suite 820
Garciaberg, PW 88648",374079,25
8241135,Eric,Case,"2324 Krause Parks Apt. 579
Margarettown, WI 91133",439196,90
2692547,Thomas,Lewis,"191 Dunn Hill
Frankton, DC 86742",490603,82
6832579,Timothy,Davis,"597 William Knoll
Tammytown, NV 78457",377687,36
3643522,Kelli,Bradshaw,"153 Romero Highway Apt. 907
East Jason, IA 68667",468304,82
3691826,Joshua,Perez,"6178 Blake Stream Apt. 924
Tinafurt, IL 16242",377687,37
7761342,Andrew,Tate,"USNV Campbell
FPO AA 58140",377687,23
8475693,William,Morgan,"035 Harris Plaza
Kevinstad, FL 56514",194334,86
8374082,Dylan,Hernandez,"4912 Vanessa Terrace Suite 300
West Jamie, PR 25187",374079,54
2440785,Angela,Harrell,"8999 Perez Plain
Phillipland, NV 80762",223983,67
8750550,Rebecca,Smith,"87324 Delacruz Lane
West Leon, CT 16861",468304,12
6655087,Christian,Snyder,"189 Robyn Meadows Apt. 887
Williamport, OR 11408",306018,79
6754392,Denise,Allen,"Unit 0350 Box 3422
DPO AA 85422",424085,85
6769501,Stacey,Stephens,"4299 Higgins Drives Suite 653
North Reneetown, TX 66504",490603,12
7341249,Christina,Alvarez,"518 Mccall Squares Apt. 668
East Dianaland, HI 60349",223983,40
2931054,Cody,Farley,"USNS Caldwell
FPO AA 47049",374079,25
9708968,David,Stephens,"55621 Timothy Hill
Garciabury, CO 46061",394878,19
5968752,Elizabeth,Delacruz,"45551 Freeman Ramp
Cherylview, LA 87430",468304,62
5281007,Janet,Smith,"118 Eric Street Apt. 936
Whitetown, SC 49246",374079,43
1505087,Sara,Wheeler,"542 Richard Land Apt. 992
Hardingview, MP 90486",468304,42
9145839,Jacqueline,Bailey,"70885 Smith Islands
Bakerville, NC 15171",374079,69
4839576,Dillon,Moore,"2232 Jose Shoal
New Tammy, AK 15170",194334,22
9050111,Donna,Wilson,"7221 Jason Crossroad
East Alexandrachester, NJ 34372",306018,24
8648846,Sydney,Johns,"142 Cantu Brooks
New Christopher, NH 12607",306018,40
3703791,Timothy,Carter,"115 Brian Fork
Port Cory, MP 68515",374079,48
9904165,Rachael,Colon,"368 Murray Stravenue
West Leslie, AS 65587",306018,50
7987376,Matthew,Jenkins,"777 Christopher Streets Suite 039
Aguilarbury, NV 39661",306018,28
3110441,Todd,Beasley,"USCGC Patrick
FPO AP 31933",490603,74
4971493,Nancy,Cook,"89084 Tamara Loaf
New Judy, PA 06144",377687,37
7902286,Cindy,Rogers,"911 Young Viaduct
New Dennishaven, GU 16126",374079,86
1684539,Carolyn,Torres,"175 Barnes Turnpike Suite 564
New Manuel, LA 14629",394878,41
2515772,Katelyn,Gonzalez,"0555 Jennifer Mission Apt. 856
Lake Michael, NV 03736",374079,39
2570815,Sara,Boyd,"226 Richardson Canyon Apt. 991
Timothyburgh, WA 80192",194334,14
8912398,Denise,Reyes,"4421 Lisa Fort
Scotthaven, UT 65111",374079,45
5931041,Travis,Phillips,"6385 Danielle Branch Suite 545
East Joshua, MN 62057",490603,43
1271247,William,Bell,"98995 James Curve
North John, KS 90772",424085,57
4897195,Tammie,Robinson,"51705 Misty View Apt. 018
New Jason, PR 87296",306018,25
6298014,Jeremy,Mccarthy,"9985 Sawyer Trafficway
Williamberg, NY 61554",377687,14
9493690,Danielle,Fox,"06876 Andrew Mall Suite 477
Nguyenfurt, WA 66477",377687,12
9170453,Brenda,Jones,"3325 Cervantes Brook
North Cassandrahaven, PA 91538",194334,12
7027414,Joseph,Thomas,"84981 Klein Way
Juliabury, DE 16474",439196,55
6507221,Paula,Ward,"81910 Briggs Path
North Isaiah, MT 26282",424085,69
1380749,Michelle,Ali,"4062 Johnson Ports Apt. 608
Reynoldschester, DC 55659",439196,69
9532325,Savannah,Hicks,"05237 Harrington Way
Jacobstad, SD 94381",424085,39
1669929,Larry,Shaffer,"USNV Brown
FPO AE 69226",306018,25
5961479,Aaron,Moody,"5671 Sims Burg Suite 427
West Williammouth, WV 91429",424085,30
2854773,Joshua,Perkins,"357 Barajas Lake Apt. 506
Heatherhaven, NJ 87600",306018,80
6536297,Stephanie,Fry,"878 Lopez Falls
New Angelaville, NY 48290",194334,78
3253922,Melissa,Duke,"PSC 7474, Box 7307
APO AA 96161",374079,35
4529884,Jeffrey,Chase,"48563 Gregory Grove Suite 992
Port David, UT 85102",424085,68
6448533,Michelle,Watson,"522 Jeanne Valley Apt. 207
South Krystal, AL 66458",424085,34
7852012,Lauren,Mason,"47772 Barry Springs Apt. 190
Kristinfurt, IA 79948",394878,71
3674887,Anthony,Martin,"USCGC Jones
FPO AE 59973",223983,57
5709984,Melissa,Warren,"710 Matthew Court
Andersonmouth, NJ 55766",468304,30
3373412,Heidi,Smith,"8914 Margaret Plaza Apt. 971
New Lucas, VI 27505",306018,53
2913200,Sharon,Hines,"4109 Kevin Drive
Lake Bradley, DE 90220",468304,53
6124206,Victoria,White,"1555 Richardson Glen Apt. 238
Mannton, OR 05768",223983,15
6434812,Kevin,Carpenter,"507 Patrick Highway Suite 573
Jamesburgh, AR 83930",194334,23
8538695,Cory,Rhodes,"5736 Ford Crossroad
New Cheryl, GA 73069",194334,50
5628185,Kimberly,Walton,"91649 Barbara Port Suite 273
West Margaretbury, HI 80215",394878,81
8645693,Jon,Mitchell,"Unit 6104 Box 8658
DPO AP 60907",306018,52
9746695,Miranda,Erickson,"84730 Paul Dale Apt. 325
West Angelicaside, RI 98221",377687,50
3836333,Karen,Solomon,"2302 Patricia Point Apt. 583
Port Reneechester, VT 11629",377687,38
7247775,Ronald,Garcia,"89910 Carter Street
Kristibury, MI 84006",377687,31
8933283,Brittney,Pennington,"44589 Baird Crossing Suite 899
Oscarchester, MD 99035",439196,23
4846063,Leslie,Zimmerman,"4260 Alyssa Pike Apt. 617
Reeseside, UT 95024",223983,74
2397472,Matthew,Miller,"070 Sarah Island Apt. 612
South Joanne, NV 37466",377687,83
7586700,Miguel,James,"8913 Cynthia Brook
West Laura, KY 74080",468304,41
